team,player,image
"Hanwha Life Esports","Delight","https://am-a.akamaihd.net/image?resize=750:&f=http%3A%2F%2Fstatic.lolesports.com%2Fplayers%2F1769089417110_LCK_HLE_Delight_F.PNG"
"Hanwha Life Esports","Zeka","https://am-a.akamaihd.net/image?resize=750:&f=http%3A%2F%2Fstatic.lolesports.com%2Fplayers%2F1769089430303_LCK_HLE_Zeka_F.PNG"
"Hanwha Life Esports","Zeus","https://am-a.akamaihd.net/image?resize=750:&f=http%3A%2F%2Fstatic.lolesports.com%2Fplayers%2F1769089435131_LCK_HLE_Zeus_F.PNG"
"Hanwha Life Esports","Kanavi","https://am-a.akamaihd.net/image?resize=750:&f=http%3A%2F%2Fstatic.lolesports.com%2Fplayers%2F1769089425886_LCK_HLE_Kanavi_F.PNG"
"Hanwha Life Esports","Gumayusi","https://am-a.akamaihd.net/image?resize=750:&f=http%3A%2F%2Fstatic.lolesports.com%2Fplayers%2F1769089421483_LCK_HLE_Gumayusi_F.PNG"
"Hanwha Life Esports","Cracker","https://am-a.akamaihd.net/image?resize=750:&f=http%3A%2F%2Fstatic.lolesports.com%2Fplayers%2F1769086419226_image6-2026-01-22T135315.938.png"
"Hanwha Life Esports","Valiant","https://am-a.akamaihd.net/image?resize=750:&f=http%3A%2F%2Fstatic.lolesports.com%2Fplayers%2F1769086142550_image6-2026-01-22T134839.572.png"
"Hanwha Life Esports","Bluffing","https://am-a.akamaihd.net/image?resize=750:&f=http%3A%2F%2Fstatic.lolesports.com%2Fplayers%2F1769086484481_image6-2026-01-22T135420.093.png"
"Hanwha Life Esports","Jackal","https://am-a.akamaihd.net/image?resize=750:&f=http%3A%2F%2Fstatic.lolesports.com%2Fplayers%2F1769086354742_image6-2026-01-22T135205.457.png"
"Hanwha Life Esports","Pyeonsik","https://am-a.akamaihd.net/image?resize=750:&f=http%3A%2F%2Fstatic.lolesports.com%2Fplayers%2F1769086215440_image6-2026-01-22T134944.828.png"
"Hanwha Life Esports","Panther","https://am-a.akamaihd.net/image?resize=750:&f=http%3A%2F%2Fstatic.lolesports.com%2Fplayers%2F1769086291531_image6-2026-01-22T135105.756.png"
"kt Rolster","Cuzz","https://am-a.akamaihd.net/image?resize=750:&f=http%3A%2F%2Fstatic.lolesports.com%2Fplayers%2F1769088880566_LCK_KT_Cuzz_F.PNG"
"kt Rolster","Aiming","https://am-a.akamaihd.net/image?resize=750:&f=http%3A%2F%2Fstatic.lolesports.com%2Fplayers%2F1769088886678_LCK_KT_Aiming_F.PNG"
"kt Rolster","Ghost","https://am-a.akamaihd.net/image?resize=750:&f=http%3A%2F%2Fstatic.lolesports.com%2Fplayers%2F1769088899654_LCK_KT_Ghost_F.PNG"
"kt Rolster","Pollu","https://am-a.akamaihd.net/image?resize=750:&f=http%3A%2F%2Fstatic.lolesports.com%2Fplayers%2F1769088909540_LCK_KT_Pollu_F.png"
"kt Rolster","Sylvie","https://am-a.akamaihd.net/image?resize=750:&f=http%3A%2F%2Fstatic.lolesports.com%2Fplayers%2F1769085457796_image6-2026-01-22T133710.328.png"
"kt Rolster","Effort","https://am-a.akamaihd.net/image?resize=750:&f=http%3A%2F%2Fstatic.lolesports.com%2Fplayers%2F1769085556949_image6-2026-01-22T133848.159.png"
"kt Rolster","Hwichan","https://am-a.akamaihd.net/image?resize=750:&f=http%3A%2F%2Fstatic.lolesports.com%2Fplayers%2F1769085699169_image6-2026-01-22T134118.726.png"
"kt Rolster","FenRir","https://am-a.akamaihd.net/image?resize=750:&f=http%3A%2F%2Fstatic.lolesports.com%2Fplayers%2F1769085625159_image6-2026-01-22T133959.277.png"
"kt Rolster","Sero","https://am-a.akamaihd.net/image?resize=750:&f=http%3A%2F%2Fstatic.lolesports.com%2Fplayers%2F1769085767741_image6-2026-01-22T134220.704.png"
"kt Rolster","PerfecT","https://am-a.akamaihd.net/image?resize=750:&f=http%3A%2F%2Fstatic.lolesports.com%2Fplayers%2F1769088904650_LCK_KT_PerfecT_F.png"
"kt Rolster","Bdd","https://am-a.akamaihd.net/image?resize=750:&f=http%3A%2F%2Fstatic.lolesports.com%2Fplayers%2F1769088894551_LCK_KT_Bdd_F.PNG"
"T1","Jinbeom"," https://am-a.akamaihd.net/image?resize=750:&f=http%3A%2F%2Fstatic.lolesports.com%2Fplayers%2Fdefault-headshot.png"
"T1","Cloud","https://am-a.akamaihd.net/image?resize=750:&f=http%3A%2F%2Fstatic.lolesports.com%2Fplayers%2F1769083077918_image6144.png"
"T1","Painter","https://am-a.akamaihd.net/image?resize=750:&f=http%3A%2F%2Fstatic.lolesports.com%2Fplayers%2F1769084021546_image6-2026-01-22T131032.591.png"
"T1","Cypher","https://am-a.akamaihd.net/image?resize=750:&f=http%3A%2F%2Fstatic.lolesports.com%2Fplayers%2F1769083165855_image6-2026-01-22T125855.379.png"
"T1","Guardian","https://am-a.akamaihd.net/image?resize=750:&f=http%3A%2F%2Fstatic.lolesports.com%2Fplayers%2F1769083424311_image6-2026-01-22T130312.532.png"
"T1","Peyz","https://am-a.akamaihd.net/image?resize=750:&f=http%3A%2F%2Fstatic.lolesports.com%2Fplayers%2F1769087491906_LCK_T1_Peyz_F.PNG"
"T1","Doran","https://am-a.akamaihd.net/image?resize=750:&f=http%3A%2F%2Fstatic.lolesports.com%2Fplayers%2F1769087520664_LCK_T1_Doran_F.PNG"
"T1","Haetae","https://am-a.akamaihd.net/image?resize=750:&f=http%3A%2F%2Fstatic.lolesports.com%2Fplayers%2F1769083792191_image6-2026-01-22T130909.603.png"
"T1","Guti","https://am-a.akamaihd.net/image?resize=750:&f=http%3A%2F%2Fstatic.lolesports.com%2Fplayers%2F1769083583495_image6-2026-01-22T130511.010.png"
"T1","Faker","https://am-a.akamaihd.net/image?resize=750:&f=http%3A%2F%2Fstatic.lolesports.com%2Fplayers%2F1769087499078_LCK_T1_Faker_F.PNG"
"T1","Oner","https://am-a.akamaihd.net/image?resize=750:&f=http%3A%2F%2Fstatic.lolesports.com%2Fplayers%2F1769087509929_LCK_T1_Oner_F.PNG"
"T1","Keria","https://am-a.akamaihd.net/image?resize=750:&f=http%3A%2F%2Fstatic.lolesports.com%2Fplayers%2F1769087515444_LCK_T1_Keria_F.PNG"
"Gen.G Esports","Chovy","https://am-a.akamaihd.net/image?resize=750:&f=http%3A%2F%2Fstatic.lolesports.com%2Fplayers%2F1778842975847_LCK_GEN_Chovy_F.png"
"Gen.G Esports","SIRIUSS","https://am-a.akamaihd.net/image?resize=750:&f=http%3A%2F%2Fstatic.lolesports.com%2Fplayers%2F1769087912320_image6-2026-01-22T141807.421.png"
"Gen.G Esports","Ripple","https://am-a.akamaihd.net/image?resize=750:&f=http%3A%2F%2Fstatic.lolesports.com%2Fplayers%2F1769087975904_image6-2026-01-22T141912.328.png"
"Gen.G Esports","Courage","https://am-a.akamaihd.net/image?resize=750:&f=http%3A%2F%2Fstatic.lolesports.com%2Fplayers%2F1769088040791_image6-2026-01-22T142015.564.png"
"Gen.G Esports","MUDAI","https://am-a.akamaihd.net/image?resize=750:&f=http%3A%2F%2Fstatic.lolesports.com%2Fplayers%2F1769088228177_image6-2026-01-22T142317.010.png"
"Gen.G Esports","Lumos","https://am-a.akamaihd.net/image?resize=750:&f=http%3A%2F%2Fstatic.lolesports.com%2Fplayers%2F1769088159344_image6-2026-01-22T142218.990.png"
"Gen.G Esports","Ruler","https://am-a.akamaihd.net/image?resize=750:&f=http%3A%2F%2Fstatic.lolesports.com%2Fplayers%2F1778842957393_LCK_GEN_Ruler_F.PNG"
"Gen.G Esports","Duro","https://am-a.akamaihd.net/image?resize=750:&f=http%3A%2F%2Fstatic.lolesports.com%2Fplayers%2F1778842969792_LCK_GEN_Duro_F.PNG"
"Gen.G Esports","Kemish","https://am-a.akamaihd.net/image?resize=750:&f=http%3A%2F%2Fstatic.lolesports.com%2Fplayers%2F1769088100524_image6-2026-01-22T142115.940.png"
"Gen.G Esports","Kiin","https://am-a.akamaihd.net/image?resize=750:&f=http%3A%2F%2Fstatic.lolesports.com%2Fplayers%2F1778842963805_LCK_GEN_Kiin_F.PNG"
"Gen.G Esports","Canyon","https://am-a.akamaihd.net/image?resize=750:&f=http%3A%2F%2Fstatic.lolesports.com%2Fplayers%2F1778842984822_LCK_GEN_Canyon_F.PNG"
"Dplus KIA","ShowMaker","https://am-a.akamaihd.net/image?resize=750:&f=http%3A%2F%2Fstatic.lolesports.com%2Fplayers%2F1778842721951_LCK_DK_Showmaker_F.png"
"Dplus KIA","Smash","https://am-a.akamaihd.net/image?resize=750:&f=http%3A%2F%2Fstatic.lolesports.com%2Fplayers%2F1778842749985_LCK_DK_Smash_F.PNG"
"Dplus KIA","Career","https://am-a.akamaihd.net/image?resize=750:&f=http%3A%2F%2Fstatic.lolesports.com%2Fplayers%2F1778842708132_LCK_DK_Career_F.PNG"
"Dplus KIA","Loopy","https://am-a.akamaihd.net/image?resize=750:&f=http%3A%2F%2Fstatic.lolesports.com%2Fplayers%2F1769089723144_image6-2026-01-22T144756.107.png"
"Dplus KIA","Nevid","https://am-a.akamaihd.net/image?resize=750:&f=http%3A%2F%2Fstatic.lolesports.com%2Fplayers%2F1769089783078_image6-2026-01-22T144919.671.png"
"Dplus KIA","Jaehyuk","https://am-a.akamaihd.net/image?resize=750:&f=http%3A%2F%2Fstatic.lolesports.com%2Fplayers%2F1769089631457_image6-2026-01-22T144643.456.png"
"Dplus KIA","Garden","https://am-a.akamaihd.net/image?resize=750:&f=http%3A%2F%2Fstatic.lolesports.com%2Fplayers%2F1769089555344_image6-2026-01-22T144534.879.png"
"Dplus KIA","Wayne","https://am-a.akamaihd.net/image?resize=750:&f=http%3A%2F%2Fstatic.lolesports.com%2Fplayers%2F1769089494861_image6-2026-01-22T144431.139.png"
"Dplus KIA","Lucid","https://am-a.akamaihd.net/image?resize=750:&f=http%3A%2F%2Fstatic.lolesports.com%2Fplayers%2F1778842716183_LCK_DK_Lucid_F.PNG"
"Dplus KIA","Sharvel","https://am-a.akamaihd.net/image?resize=750:&f=http%3A%2F%2Fstatic.lolesports.com%2Fplayers%2F1769089838090_image6-2026-01-22T145017.335.png"
"Dplus KIA","Siwoo","https://am-a.akamaihd.net/image?resize=750:&f=http%3A%2F%2Fstatic.lolesports.com%2Fplayers%2F1778842731846_LCK_DK_Siwoo_F.PNG"
"HANJIN BRION","Roamer","https://am-a.akamaihd.net/image?resize=750:&f=http%3A%2F%2Fstatic.lolesports.com%2Fplayers%2F1769091227250_LCK_BRO_Roamer_F.PNG"
"HANJIN BRION","Loki","https://am-a.akamaihd.net/image?resize=750:&f=http%3A%2F%2Fstatic.lolesports.com%2Fplayers%2Fdefault-headshot.png"
"HANJIN BRION","Casting","https://am-a.akamaihd.net/image?resize=750:&f=http%3A%2F%2Fstatic.lolesports.com%2Fplayers%2F1769091238011_LCK_BRO_Casting_F.png"
"HANJIN BRION","GIDEON","https://am-a.akamaihd.net/image?resize=750:&f=http%3A%2F%2Fstatic.lolesports.com%2Fplayers%2F1769091233026_LCK_BRO_GIDEON_F.PNG"
"HANJIN BRION","Teddy","https://am-a.akamaihd.net/image?resize=750:&f=http%3A%2F%2Fstatic.lolesports.com%2Fplayers%2F1769091213345_LCK_BRO_Teddy_F.PNG"
"HANJIN BRION","Namgung","https://am-a.akamaihd.net/image?resize=750:&f=http%3A%2F%2Fstatic.lolesports.com%2Fplayers%2F1769091222686_LCK_BRO_Namgung_F.PNG"
"HANJIN BRION","PlanB","https://am-a.akamaihd.net/image?resize=750:&f=http%3A%2F%2Fstatic.lolesports.com%2Fplayers%2F1769090048813_image6-2026-01-22T145347.864.png"
"HANJIN BRION","Dinai","https://am-a.akamaihd.net/image?resize=750:&f=http%3A%2F%2Fstatic.lolesports.com%2Fplayers%2F1769090179597_image6-2026-01-22T145555.391.png"
"HANJIN BRION","OddEye","https://am-a.akamaihd.net/image?resize=750:&f=http%3A%2F%2Fstatic.lolesports.com%2Fplayers%2F1769090109251_image6-2026-01-22T145445.080.png"
"HANJIN BRION","Tempester","https://am-a.akamaihd.net/image?resize=750:&f=http%3A%2F%2Fstatic.lolesports.com%2Fplayers%2F1769089985671_image6-2026-01-22T145216.586.png"
"HANJIN BRION","DDahyuk","https://am-a.akamaihd.net/image?resize=750:&f=http%3A%2F%2Fstatic.lolesports.com%2Fplayers%2F1769090323253_image6-2026-01-22T145701.864.png"
"BNK FEARX","Daystar","https://am-a.akamaihd.net/image?resize=750:&f=http%3A%2F%2Fstatic.lolesports.com%2Fplayers%2F1769091448891_LCK_BFX_Daystar_F.PNG"
"BNK FEARX","Clear","https://am-a.akamaihd.net/image?resize=750:&f=http%3A%2F%2Fstatic.lolesports.com%2Fplayers%2F1769091426725_LCK_BFX_Clear_F.png"
"BNK FEARX","Taeyoon","https://am-a.akamaihd.net/image?resize=750:&f=http%3A%2F%2Fstatic.lolesports.com%2Fplayers%2F1778842617008_LCK_BFX_Taeyoon_F.PNG"
"BNK FEARX","Raptor","https://am-a.akamaihd.net/image?resize=750:&f=http%3A%2F%2Fstatic.lolesports.com%2Fplayers%2F1769091440054_LCK_BFX_Raptor_F.PNG"
"BNK FEARX","VicLa","https://am-a.akamaihd.net/image?resize=750:&f=http%3A%2F%2Fstatic.lolesports.com%2Fplayers%2F1769091444387_LCK_BFX_VicLa_F.PNG"
"BNK FEARX","Kellin","https://am-a.akamaihd.net/image?resize=750:&f=http%3A%2F%2Fstatic.lolesports.com%2Fplayers%2F1769091436066_LCK_BFX_Kellin_F.PNG"
"BNK FEARX","Kangin","https://am-a.akamaihd.net/image?resize=750:&f=http%3A%2F%2Fstatic.lolesports.com%2Fplayers%2F1769090667320_image6-2026-01-22T150401.262.png"
"BNK FEARX","Zephyr","https://am-a.akamaihd.net/image?resize=750:&f=http%3A%2F%2Fstatic.lolesports.com%2Fplayers%2F1769090492602_image6-2026-01-22T150110.156.png"
"BNK FEARX","FIESTA","https://am-a.akamaihd.net/image?resize=750:&f=http%3A%2F%2Fstatic.lolesports.com%2Fplayers%2F1769090609618_image6-2026-01-22T150306.535.png"
"BNK FEARX","Slayer","https://am-a.akamaihd.net/image?resize=750:&f=http%3A%2F%2Fstatic.lolesports.com%2Fplayers%2F1769090556098_image6-2026-01-22T150207.367.png"
"BNK FEARX","Luon","https://am-a.akamaihd.net/image?resize=750:&f=http%3A%2F%2Fstatic.lolesports.com%2Fplayers%2F1769090720455_image6-2026-01-22T150458.891.png"
"NONGSHIM RED FORCE","Calix","https://am-a.akamaihd.net/image?resize=750:&f=http%3A%2F%2Fstatic.lolesports.com%2Fplayers%2F1769088332489_LCK_NS_Calix_F.png"
"NONGSHIM RED FORCE","Sponge","https://am-a.akamaihd.net/image?resize=750:&f=http%3A%2F%2Fstatic.lolesports.com%2Fplayers%2F1769088325879_LCK_NS_Sponge_F.PNG"
"NONGSHIM RED FORCE","Scout","https://am-a.akamaihd.net/image?resize=750:&f=http%3A%2F%2Fstatic.lolesports.com%2Fplayers%2F1769088313446_LCK_NS_Scout_F.png"
"NONGSHIM RED FORCE","Janus","https://am-a.akamaihd.net/image?resize=750:&f=http%3A%2F%2Fstatic.lolesports.com%2Fplayers%2F1769084399354_image6-2026-01-22T131901.879.png"
"NONGSHIM RED FORCE","SeTab","https://am-a.akamaihd.net/image?resize=750:&f=http%3A%2F%2Fstatic.lolesports.com%2Fplayers%2F1769084751769_image6-2026-01-22T132525.809.png"
"NONGSHIM RED FORCE","MihawK","https://am-a.akamaihd.net/image?resize=750:&f=http%3A%2F%2Fstatic.lolesports.com%2Fplayers%2F1769084566201_image6-2026-01-22T132214.656.png"
"NONGSHIM RED FORCE","Kingen","https://am-a.akamaihd.net/image?resize=750:&f=http%3A%2F%2Fstatic.lolesports.com%2Fplayers%2F1769088303035_LCK_NS_Kingen_F.PNG"
"NONGSHIM RED FORCE","Lehends","https://am-a.akamaihd.net/image?resize=750:&f=http%3A%2F%2Fstatic.lolesports.com%2Fplayers%2F1769088308486_LCK_NS_Lehends_F.PNG"
"NONGSHIM RED FORCE","Lucy","https://am-a.akamaihd.net/image?resize=750:&f=http%3A%2F%2Fstatic.lolesports.com%2Fplayers%2F1769084487004_image6-2026-01-22T132101.252.png"
"NONGSHIM RED FORCE","Pleata","https://am-a.akamaihd.net/image?resize=750:&f=http%3A%2F%2Fstatic.lolesports.com%2Fplayers%2F1769084677995_image6-2026-01-22T132347.123.png"
"NONGSHIM RED FORCE","Diable","https://am-a.akamaihd.net/image?resize=750:&f=http%3A%2F%2Fstatic.lolesports.com%2Fplayers%2F1778842694156_LCK_NS_Diable_F.PNG"
"KIWOOM DRX","Vincenzo","https://am-a.akamaihd.net/image?resize=750:&f=http%3A%2F%2Fstatic.lolesports.com%2Fplayers%2F1778842840049_LCK_DRX_Vincenzo_F.PNG"
"KIWOOM DRX","Willer","https://am-a.akamaihd.net/image?resize=750:&f=http%3A%2F%2Fstatic.lolesports.com%2Fplayers%2F1778842847968_LCK_DRX_Willer_F.PNG"
"KIWOOM DRX","Minous","https://am-a.akamaihd.net/image?resize=750:&f=http%3A%2F%2Fstatic.lolesports.com%2Fplayers%2F1769088440171_image6-2026-01-22T142652.779.png"
"KIWOOM DRX","Winner","https://am-a.akamaihd.net/image?resize=750:&f=http%3A%2F%2Fstatic.lolesports.com%2Fplayers%2F1769088522766_image6-2026-01-22T142810.865.png"
"KIWOOM DRX","Jiwoo","https://am-a.akamaihd.net/image?resize=750:&f=http%3A%2F%2Fstatic.lolesports.com%2Fplayers%2F1778842819812_LCK_DRX_Jiwoo_F.PNG"
"KIWOOM DRX","Frog","https://am-a.akamaihd.net/image?resize=750:&f=http%3A%2F%2Fstatic.lolesports.com%2Fplayers%2F1769088684062_image6-2026-01-22T143101.541.png"
"KIWOOM DRX","Rich","https://am-a.akamaihd.net/image?resize=750:&f=http%3A%2F%2Fstatic.lolesports.com%2Fplayers%2F1778842826162_LCK_DRX_Rich_F.PNG"
"KIWOOM DRX","Ucal","https://am-a.akamaihd.net/image?resize=750:&f=http%3A%2F%2Fstatic.lolesports.com%2Fplayers%2F1778842833744_LCK_DRX_Ucal_F.PNG"
"KIWOOM DRX","Andil","https://am-a.akamaihd.net/image?resize=750:&f=http%3A%2F%2Fstatic.lolesports.com%2Fplayers%2F1769090483396_LCK_DRX_Andil_F.PNG"
"KIWOOM DRX","LazyFeel","https://am-a.akamaihd.net/image?resize=750:&f=http%3A%2F%2Fstatic.lolesports.com%2Fplayers%2F1769088600339_image6-2026-01-22T142919.845.png"
"KIWOOM DRX","AKaJe","https://am-a.akamaihd.net/image?resize=750:&f=http%3A%2F%2Fstatic.lolesports.com%2Fplayers%2F1769088738370_image6-2026-01-22T143158.433.png"
"DN SOOPers","Quantum","https://am-a.akamaihd.net/image?resize=750:&f=http%3A%2F%2Fstatic.lolesports.com%2Fplayers%2F1769088918397_image6-2026-01-22T143449.651.png"
"DN SOOPers","Lancer","https://am-a.akamaihd.net/image?resize=750:&f=http%3A%2F%2Fstatic.lolesports.com%2Fplayers%2F1769088987064_image6-2026-01-22T143604.524.png"
"DN SOOPers","DuDu","https://am-a.akamaihd.net/image?resize=750:&f=http%3A%2F%2Fstatic.lolesports.com%2Fplayers%2F1769090757762_LCK_DNS_DuDu_F.PNG"
"DN SOOPers","Clozer","https://am-a.akamaihd.net/image?resize=750:&f=http%3A%2F%2Fstatic.lolesports.com%2Fplayers%2F1769090740623_LCK_DNS_Clozer_F.PNG"
"DN SOOPers","deokdam","https://am-a.akamaihd.net/image?resize=750:&f=http%3A%2F%2Fstatic.lolesports.com%2Fplayers%2F1769090748726_LCK_DNS_deokdam_F.PNG"
"DN SOOPers","Peter","https://am-a.akamaihd.net/image?resize=750:&f=http%3A%2F%2Fstatic.lolesports.com%2Fplayers%2F1769090762247_LCK_DNS_Peter_F.PNG"
"DN SOOPers","Enosh","https://am-a.akamaihd.net/image?resize=750:&f=http%3A%2F%2Fstatic.lolesports.com%2Fplayers%2F1769089101112_image6-2026-01-22T143756.610.png"
"DN SOOPers","Flip","https://am-a.akamaihd.net/image?resize=750:&f=http%3A%2F%2Fstatic.lolesports.com%2Fplayers%2F1769089040652_image6-2026-01-22T143659.183.png"
"DN SOOPers","DDoiV","https://am-a.akamaihd.net/image?resize=750:&f=http%3A%2F%2Fstatic.lolesports.com%2Fplayers%2F1769089231683_image6-2026-01-22T143929.578.png"
"DN SOOPers","Life","https://am-a.akamaihd.net/image?resize=750:&f=http%3A%2F%2Fstatic.lolesports.com%2Fplayers%2F1769090753765_LCK_DNS_Life_F.PNG"
"DN SOOPers","Pyosik","https://am-a.akamaihd.net/image?resize=750:&f=http%3A%2F%2Fstatic.lolesports.com%2Fplayers%2F1769090766931_LCK_DNS_Pyosik_F.png"
"BILIBILI GAMING","Bin","https://am-a.akamaihd.net/image?resize=750:&f=http%3A%2F%2Fstatic.lolesports.com%2Fplayers%2F1768347827679_bin.png"
"BILIBILI GAMING","ON","https://am-a.akamaihd.net/image?resize=750:&f=http%3A%2F%2Fstatic.lolesports.com%2Fplayers%2F1768348897219_on.png"
"BILIBILI GAMING","Viper","https://am-a.akamaihd.net/image?resize=750:&f=http%3A%2F%2Fstatic.lolesports.com%2Fplayers%2F1768349250531_viper.png"
"BILIBILI GAMING","Xun","https://am-a.akamaihd.net/image?resize=750:&f=http%3A%2F%2Fstatic.lolesports.com%2Fplayers%2F1768349380095_xun.png"
"BILIBILI GAMING","Knight","https://am-a.akamaihd.net/image?resize=750:&f=http%3A%2F%2Fstatic.lolesports.com%2Fplayers%2F1768348559860_knight.png"
"Beijing JDG Esports","JunJia","https://am-a.akamaihd.net/image?resize=750:&f=http%3A%2F%2Fstatic.lolesports.com%2Fplayers%2F1768348461257_junjia.png"
"Beijing JDG Esports","GALA","https://am-a.akamaihd.net/image?resize=750:&f=http%3A%2F%2Fstatic.lolesports.com%2Fplayers%2F1768348104959_gala.png"
"Beijing JDG Esports","Vampire","https://am-a.akamaihd.net/image?resize=750:&f=http%3A%2F%2Fstatic.lolesports.com%2Fplayers%2F1768349226496_vampire.png"
"Beijing JDG Esports","HongQ","https://am-a.akamaihd.net/image?resize=750:&f=http%3A%2F%2Fstatic.lolesports.com%2Fplayers%2F1768348294988_hongq.png"
"Beijing JDG Esports","Xiaoxu","https://am-a.akamaihd.net/image?resize=750:&f=http%3A%2F%2Fstatic.lolesports.com%2Fplayers%2F1772232812105_xiaoxu.png"
"TOP ESPORTS","369","https://am-a.akamaihd.net/image?resize=750:&f=http%3A%2F%2Fstatic.lolesports.com%2Fplayers%2F1768347704727_369.png"
"TOP ESPORTS","Creme","https://am-a.akamaihd.net/image?resize=750:&f=http%3A%2F%2Fstatic.lolesports.com%2Fplayers%2F1768347880178_creme.png"
"TOP ESPORTS","JackeyLove","https://am-a.akamaihd.net/image?resize=750:&f=http%3A%2F%2Fstatic.lolesports.com%2Fplayers%2F1768348354504_jackeylove.png"
"TOP ESPORTS","fengyue","https://am-a.akamaihd.net/image?resize=750:&f=http%3A%2F%2Fstatic.lolesports.com%2Fplayers%2F1768348013713_fengyue.png"
"TOP ESPORTS","Tian","https://am-a.akamaihd.net/image?resize=750:&f=http%3A%2F%2Fstatic.lolesports.com%2Fplayers%2F1775225951328_tian.png"
"TOP ESPORTS","ZUIAN","https://am-a.akamaihd.net/image?resize=750:&f=http%3A%2F%2Fstatic.lolesports.com%2Fplayers%2F1775226028458_zuian.png"
"Anyone's Legend","Shanks","https://am-a.akamaihd.net/image?resize=750:&f=http%3A%2F%2Fstatic.lolesports.com%2Fplayers%2F1768349057032_shanks.png"
"Anyone's Legend","Hope","https://am-a.akamaihd.net/image?resize=750:&f=http%3A%2F%2Fstatic.lolesports.com%2Fplayers%2F1768348315588_hope.png"
"Anyone's Legend","Kael","https://am-a.akamaihd.net/image?resize=750:&f=http%3A%2F%2Fstatic.lolesports.com%2Fplayers%2F1768348497910_kael.png"
"Anyone's Legend","Flandre","https://am-a.akamaihd.net/image?resize=750:&f=http%3A%2F%2Fstatic.lolesports.com%2Fplayers%2F1768348080942_flandre.png"
"Anyone's Legend","Tarzan","https://am-a.akamaihd.net/image?resize=750:&f=http%3A%2F%2Fstatic.lolesports.com%2Fplayers%2F1768349186102_tarzan.png"
"Shenzhen NINJAS IN PYJAMAS","Assum","https://am-a.akamaihd.net/image?resize=750:&f=http%3A%2F%2Fstatic.lolesports.com%2Fplayers%2F1768347811166_assum.png"
"Shenzhen NINJAS IN PYJAMAS","Zhuo","https://am-a.akamaihd.net/image?resize=750:&f=http%3A%2F%2Fstatic.lolesports.com%2Fplayers%2F1768349462733_zhuo.png"
"Shenzhen NINJAS IN PYJAMAS","Care","https://am-a.akamaihd.net/image?resize=750:&f=http%3A%2F%2Fstatic.lolesports.com%2Fplayers%2F1768347863404_care.png"
"Shenzhen NINJAS IN PYJAMAS","Guwon","https://am-a.akamaihd.net/image?resize=750:&f=http%3A%2F%2Fstatic.lolesports.com%2Fplayers%2F1768348142810_guwon.png"
"Shenzhen NINJAS IN PYJAMAS","Hoya","https://am-a.akamaihd.net/image?resize=750:&f=http%3A%2F%2Fstatic.lolesports.com%2Fplayers%2F1768348332479_hoya.png"
"WeiboGaming","Jiejie","https://am-a.akamaihd.net/image?resize=750:&f=http%3A%2F%2Fstatic.lolesports.com%2Fplayers%2F1772229587324_jiejie.png"
"WeiboGaming","Elk","https://am-a.akamaihd.net/image?resize=750:&f=http%3A%2F%2Fstatic.lolesports.com%2Fplayers%2F1768347950403_elk.png"
"WeiboGaming","Zika","https://am-a.akamaihd.net/image?resize=750:&f=http%3A%2F%2Fstatic.lolesports.com%2Fplayers%2F1768349506258_zika.png"
"WeiboGaming","TheHank","https://am-a.akamaihd.net/image?resize=750:&f=http%3A%2F%2Fstatic.lolesports.com%2Fplayers%2Fdefault-headshot.png"
"WeiboGaming","Hang","https://am-a.akamaihd.net/image?resize=750:&f=http%3A%2F%2Fstatic.lolesports.com%2Fplayers%2F1775225609143_hang.png"
"WeiboGaming","Xiaohu","https://am-a.akamaihd.net/image?resize=750:&f=http%3A%2F%2Fstatic.lolesports.com%2Fplayers%2F1768349320124_xiaohu.png"
"Invictus Gaming","Wei","https://am-a.akamaihd.net/image?resize=750:&f=http%3A%2F%2Fstatic.lolesports.com%2Fplayers%2F1775225991291_wei.png"
"Invictus Gaming","Rookie","https://am-a.akamaihd.net/image?resize=750:&f=http%3A%2F%2Fstatic.lolesports.com%2Fplayers%2F1775225799612_rookie.png"
"Invictus Gaming","Meiko","https://am-a.akamaihd.net/image?resize=750:&f=http%3A%2F%2Fstatic.lolesports.com%2Fplayers%2F1775225723214_meiko.png"
"Invictus Gaming","Breathe","https://am-a.akamaihd.net/image?resize=750:&f=http%3A%2F%2Fstatic.lolesports.com%2Fplayers%2F1775225499864_breathe.png"
"Invictus Gaming","JiaQi","https://am-a.akamaihd.net/image?resize=750:&f=http%3A%2F%2Fstatic.lolesports.com%2Fplayers%2F1775225631369_jiaqi.png"
"Invictus Gaming","Nia1","https://am-a.akamaihd.net/image?resize=750:&f=http%3A%2F%2Fstatic.lolesports.com%2Fplayers%2Fdefault-headshot.png"
"Invictus Gaming","Soboro","https://am-a.akamaihd.net/image?resize=750:&f=http%3A%2F%2Fstatic.lolesports.com%2Fplayers%2F1775225869529_soboro.png"
"Invictus Gaming","Renard","https://am-a.akamaihd.net/image?resize=750:&f=http%3A%2F%2Fstatic.lolesports.com%2Fplayers%2F1775225756049_renard.png"
"Xi'an Team WE","Tyrion","https://am-a.akamaihd.net/image?resize=750:&f=http%3A%2F%2Fstatic.lolesports.com%2Fplayers%2Fdefault-headshot.png"
"Xi'an Team WE","Erha","https://am-a.akamaihd.net/image?resize=750:&f=http%3A%2F%2Fstatic.lolesports.com%2Fplayers%2F1775225577413_erha.png"
"Xi'an Team WE","Cube","https://am-a.akamaihd.net/image?resize=750:&f=http%3A%2F%2Fstatic.lolesports.com%2Fplayers%2F1768347927566_cube.png"
"Xi'an Team WE","About","https://am-a.akamaihd.net/image?resize=750:&f=http%3A%2F%2Fstatic.lolesports.com%2Fplayers%2F1768347747815_about.png"
"Xi'an Team WE","Monki","https://am-a.akamaihd.net/image?resize=750:&f=http%3A%2F%2Fstatic.lolesports.com%2Fplayers%2F1768348759598_monki.png"
"Xi'an Team WE","Dorian","https://am-a.akamaihd.net/image?resize=750:&f=http%3A%2F%2Fstatic.lolesports.com%2Fplayers%2F1775225398026_dorian.png"
"Xi'an Team WE","Karis","https://am-a.akamaihd.net/image?resize=750:&f=http%3A%2F%2Fstatic.lolesports.com%2Fplayers%2F1768348517805_karis.png"
"Suzhou LNG Esports","MISSING","https://am-a.akamaihd.net/image?resize=750:&f=http%3A%2F%2Fstatic.lolesports.com%2Fplayers%2F1768348695392_missing.png"
"Suzhou LNG Esports","1xn","https://am-a.akamaihd.net/image?resize=750:&f=http%3A%2F%2Fstatic.lolesports.com%2Fplayers%2F1768347726528_1xn.png"
"Suzhou LNG Esports","sheer","https://am-a.akamaihd.net/image?resize=750:&f=http%3A%2F%2Fstatic.lolesports.com%2Fplayers%2F1768349102228_sheer.png"
"Suzhou LNG Esports","Croco","https://am-a.akamaihd.net/image?resize=750:&f=http%3A%2F%2Fstatic.lolesports.com%2Fplayers%2F1768347904257_croco.png"
"Suzhou LNG Esports","BuLLDoG","https://am-a.akamaihd.net/image?resize=750:&f=http%3A%2F%2Fstatic.lolesports.com%2Fplayers%2F1768347844999_bulldog.png"
"THUNDER TALK GAMING","Junhao","https://am-a.akamaihd.net/image?resize=750:&f=http%3A%2F%2Fstatic.lolesports.com%2Fplayers%2F1768348442737_junhao.png"
"THUNDER TALK GAMING","Ryan3","https://am-a.akamaihd.net/image?resize=750:&f=http%3A%2F%2Fstatic.lolesports.com%2Fplayers%2F1768348970908_ryan3.png"
"THUNDER TALK GAMING","Keshi","https://am-a.akamaihd.net/image?resize=750:&f=http%3A%2F%2Fstatic.lolesports.com%2Fplayers%2F1768348535779_keshi.png"
"THUNDER TALK GAMING","Heru","https://am-a.akamaihd.net/image?resize=750:&f=http%3A%2F%2Fstatic.lolesports.com%2Fplayers%2F1768348275758_heru.png"
"THUNDER TALK GAMING","Feather","https://am-a.akamaihd.net/image?resize=750:&f=http%3A%2F%2Fstatic.lolesports.com%2Fplayers%2F1768347992987_feather.png"
"THUNDER TALK GAMING","Ahn","https://am-a.akamaihd.net/image?resize=750:&f=http%3A%2F%2Fstatic.lolesports.com%2Fplayers%2F1775225468701_ahn.png"
"LGD GAMING","Burdol","https://am-a.akamaihd.net/image?resize=750:&f=http%3A%2F%2Fstatic.lolesports.com%2Fplayers%2F1775225525681_burdol.png"
"LGD GAMING","Ycx","https://am-a.akamaihd.net/image?resize=750:&f=http%3A%2F%2Fstatic.lolesports.com%2Fplayers%2F1768349425414_ycx.png"
"LGD GAMING","Heng","https://am-a.akamaihd.net/image?resize=750:&f=http%3A%2F%2Fstatic.lolesports.com%2Fplayers%2F1768348231639_heng.png"
"LGD GAMING","Shaoye","https://am-a.akamaihd.net/image?resize=750:&f=http%3A%2F%2Fstatic.lolesports.com%2Fplayers%2F1772232629920_shaoye.png"
"LGD GAMING","Tangyuan","https://am-a.akamaihd.net/image?resize=750:&f=http%3A%2F%2Fstatic.lolesports.com%2Fplayers%2F1768349168321_tangyuan.png"
"EDWARD GAMING","Leave","https://am-a.akamaihd.net/image?resize=750:&f=http%3A%2F%2Fstatic.lolesports.com%2Fplayers%2F1772232334521_leave-Photoroom.png"
"EDWARD GAMING","Zdz","https://am-a.akamaihd.net/image?resize=750:&f=http%3A%2F%2Fstatic.lolesports.com%2Fplayers%2F1772232892468_zdz-Photoroom.png"
"EDWARD GAMING","Xiaohao","https://am-a.akamaihd.net/image?resize=750:&f=http%3A%2F%2Fstatic.lolesports.com%2Fplayers%2F1768349300073_xiaohao.png"
"EDWARD GAMING","Angel","https://am-a.akamaihd.net/image?resize=750:&f=http%3A%2F%2Fstatic.lolesports.com%2Fplayers%2F1768347791801_angel.png"
"EDWARD GAMING","Parukia","https://am-a.akamaihd.net/image?resize=750:&f=http%3A%2F%2Fstatic.lolesports.com%2Fplayers%2F1768348863818_parukia.png"
"EDWARD GAMING","sinian","https://am-a.akamaihd.net/image?resize=750:&f=http%3A%2F%2Fstatic.lolesports.com%2Fplayers%2Fdefault-headshot.png"
"EDWARD GAMING","Jwei","https://am-a.akamaihd.net/image?resize=750:&f=http%3A%2F%2Fstatic.lolesports.com%2Fplayers%2F1768348478468_jwei.png"
"Ultra Prime","Hena","https://am-a.akamaihd.net/image?resize=750:&f=http%3A%2F%2Fstatic.lolesports.com%2Fplayers%2F1768348186744_hena.png"
"Ultra Prime","Saber","https://am-a.akamaihd.net/image?resize=750:&f=http%3A%2F%2Fstatic.lolesports.com%2Fplayers%2F1768348992461_saber.png"
"Ultra Prime","Xiaoxia","https://am-a.akamaihd.net/image?resize=750:&f=http%3A%2F%2Fstatic.lolesports.com%2Fplayers%2F1768349338912_xiaoxia.png"
"Ultra Prime","sasii","https://am-a.akamaihd.net/image?resize=750:&f=http%3A%2F%2Fstatic.lolesports.com%2Fplayers%2F1775225838229_sasi.png"
"Ultra Prime","climber","https://am-a.akamaihd.net/image?resize=750:&f=http%3A%2F%2Fstatic.lolesports.com%2Fplayers%2F1775225552923_climber.png"
"Oh My God","haichao","https://am-a.akamaihd.net/image?resize=750:&f=http%3A%2F%2Fstatic.lolesports.com%2Fplayers%2F1768348163781_haichao.png"
"Oh My God","re0","https://am-a.akamaihd.net/image?resize=750:&f=http%3A%2F%2Fstatic.lolesports.com%2Fplayers%2F1768348909352_re0.png"
"Oh My God","Moham","https://am-a.akamaihd.net/image?resize=750:&f=http%3A%2F%2Fstatic.lolesports.com%2Fplayers%2F1768348738615_moham.png"
"Oh My God","Hery","https://am-a.akamaihd.net/image?resize=750:&f=http%3A%2F%2Fstatic.lolesports.com%2Fplayers%2F1768348254609_hery.png"
"Oh My God","Starry","https://am-a.akamaihd.net/image?resize=750:&f=http%3A%2F%2Fstatic.lolesports.com%2Fplayers%2F1768349148844_starry.png"
"Oh My God","Juhan","https://am-a.akamaihd.net/image?resize=750:&f=http%3A%2F%2Fstatic.lolesports.com%2Fplayers%2F1768348418681_juhan.png"
"Oh My God","Photic","https://am-a.akamaihd.net/image?resize=750:&f=http%3A%2F%2Fstatic.lolesports.com%2Fplayers%2F1768348885435_photic.png"
"Team Vitality","Fleshy","https://am-a.akamaihd.net/image?resize=750:&f=http%3A%2F%2Fstatic.lolesports.com%2Fplayers%2F1774651476897_fleshy.png"
"Team Vitality","Naak Nako","https://am-a.akamaihd.net/image?resize=750:&f=http%3A%2F%2Fstatic.lolesports.com%2Fplayers%2F1774652368701_naaknako.png"
"Team Vitality","Humanoid","https://am-a.akamaihd.net/image?resize=750:&f=http%3A%2F%2Fstatic.lolesports.com%2Fplayers%2F1774651500920_humanoid.png"
"Team Vitality","Lukezy","https://am-a.akamaihd.net/image?resize=750:&f=https%3A%2F%2Fstatic.lolesports.com%2Fplayers%2Fdownload.png"
"Team Vitality","Carzzy","https://am-a.akamaihd.net/image?resize=750:&f=http%3A%2F%2Fstatic.lolesports.com%2Fplayers%2F1774651395852_carzzy.png"
"Team Vitality","Lyncas","https://am-a.akamaihd.net/image?resize=750:&f=http%3A%2F%2Fstatic.lolesports.com%2Fplayers%2F1774652185682_lyncas.png"
"Karmine Corp","Canna","https://am-a.akamaihd.net/image?resize=750:&f=http%3A%2F%2Fstatic.lolesports.com%2Fplayers%2F1774651372836_canna.png"
"Karmine Corp","kyeahoo","https://am-a.akamaihd.net/image?resize=750:&f=http%3A%2F%2Fstatic.lolesports.com%2Fplayers%2F1774652002153_kyeahoo.png"
"Karmine Corp","Busio","https://am-a.akamaihd.net/image?resize=750:&f=http%3A%2F%2Fstatic.lolesports.com%2Fplayers%2F1774651329556_busio.png"
"Karmine Corp","Yike","https://am-a.akamaihd.net/image?resize=750:&f=http%3A%2F%2Fstatic.lolesports.com%2Fplayers%2F1768550195190_Yike-01.png"
"Karmine Corp","Caliste","https://am-a.akamaihd.net/image?resize=750:&f=http%3A%2F%2Fstatic.lolesports.com%2Fplayers%2F1774651348279_caliste.png"
"G2 Esports","Caps","https://am-a.akamaihd.net/image?resize=750:&f=http%3A%2F%2Fstatic.lolesports.com%2Fplayers%2F1768549998426_Caps-01.png"
"G2 Esports","BrokenBlade","https://am-a.akamaihd.net/image?resize=750:&f=http%3A%2F%2Fstatic.lolesports.com%2Fplayers%2F1768550002850_BrokenBlade-01.png"
"G2 Esports","Rodrigo","https://am-a.akamaihd.net/image?resize=750:&f=http%3A%2F%2Fstatic.lolesports.com%2Fplayers%2Fdefault-headshot.png"
"G2 Esports","SkewMond","https://am-a.akamaihd.net/image?resize=750:&f=http%3A%2F%2Fstatic.lolesports.com%2Fplayers%2F1768549980779_Skewmond-01.png"
"G2 Esports","Labrov","https://am-a.akamaihd.net/image?resize=750:&f=http%3A%2F%2Fstatic.lolesports.com%2Fplayers%2F1768549989298_Labrov-01.png"
"G2 Esports","Hans Sama","https://am-a.akamaihd.net/image?resize=750:&f=http%3A%2F%2Fstatic.lolesports.com%2Fplayers%2F1768549994123_HansSama-01.png"
"Movistar KOI","Elyoya","https://am-a.akamaihd.net/image?resize=750:&f=http%3A%2F%2Fstatic.lolesports.com%2Fplayers%2F1774651428253_elyoya.png"
"Movistar KOI","Myrwn","https://am-a.akamaihd.net/image?resize=750:&f=http%3A%2F%2Fstatic.lolesports.com%2Fplayers%2F1774652336923_myrwn.png"
"Movistar KOI","Supa","https://am-a.akamaihd.net/image?resize=750:&f=http%3A%2F%2Fstatic.lolesports.com%2Fplayers%2F1774652617630_supa.png"
"Movistar KOI","Alvaro","https://am-a.akamaihd.net/image?resize=750:&f=http%3A%2F%2Fstatic.lolesports.com%2Fplayers%2F1774651304778_alvaro.png"
"Movistar KOI","Jojopyun","https://am-a.akamaihd.net/image?resize=750:&f=http%3A%2F%2Fstatic.lolesports.com%2Fplayers%2F1774651666226_jojopyun.png"
"Natus Vincere","SamD","https://am-a.akamaihd.net/image?resize=750:&f=http%3A%2F%2Fstatic.lolesports.com%2Fplayers%2F1774652529720_samd.png"
"Natus Vincere","Maynter","https://am-a.akamaihd.net/image?resize=750:&f=http%3A%2F%2Fstatic.lolesports.com%2Fplayers%2F1774652211219_maynter.png"
"Natus Vincere","Rhilech","https://am-a.akamaihd.net/image?resize=750:&f=http%3A%2F%2Fstatic.lolesports.com%2Fplayers%2F1774652507939_rhilech.png"
"Natus Vincere","Poby","https://am-a.akamaihd.net/image?resize=750:&f=http%3A%2F%2Fstatic.lolesports.com%2Fplayers%2F1774652447812_poby.png"
"Natus Vincere","Parus","https://am-a.akamaihd.net/image?resize=750:&f=http%3A%2F%2Fstatic.lolesports.com%2Fplayers%2F1774652426360_parus.png"
"Natus Vincere","Larssen","https://am-a.akamaihd.net/image?resize=750:&f=http%3A%2F%2Fstatic.lolesports.com%2Fplayers%2F1754473073908_image6331.png"
"GIANTX","Jackies","https://am-a.akamaihd.net/image?resize=750:&f=http%3A%2F%2Fstatic.lolesports.com%2Fplayers%2F1774651628897_jackies.png"
"GIANTX","ISMA","https://am-a.akamaihd.net/image?resize=750:&f=http%3A%2F%2Fstatic.lolesports.com%2Fplayers%2F1774651596907_isma.png"
"GIANTX","Lot","https://am-a.akamaihd.net/image?resize=750:&f=http%3A%2F%2Fstatic.lolesports.com%2Fplayers%2F1774652144804_lot.png"
"GIANTX","Noah","https://am-a.akamaihd.net/image?resize=750:&f=http%3A%2F%2Fstatic.lolesports.com%2Fplayers%2F1774652391494_noah.png"
"GIANTX","Jun","https://am-a.akamaihd.net/image?resize=750:&f=http%3A%2F%2Fstatic.lolesports.com%2Fplayers%2F1774651978347_jun.png"
"Fnatic","Upset","https://am-a.akamaihd.net/image?resize=750:&f=http%3A%2F%2Fstatic.lolesports.com%2Fplayers%2F1774652671712_upset.png"
"Fnatic","Vladi","https://am-a.akamaihd.net/image?resize=750:&f=http%3A%2F%2Fstatic.lolesports.com%2Fplayers%2F1774652694212_vladi.png"
"Fnatic","Lospa","https://am-a.akamaihd.net/image?resize=750:&f=http%3A%2F%2Fstatic.lolesports.com%2Fplayers%2F1774652050575_lospa.png"
"Fnatic","Empyros","https://am-a.akamaihd.net/image?resize=750:&f=http%3A%2F%2Fstatic.lolesports.com%2Fplayers%2F1774651449505_empyros.png"
"Fnatic","Razork","https://am-a.akamaihd.net/image?resize=750:&f=http%3A%2F%2Fstatic.lolesports.com%2Fplayers%2F1774652486277_razork.png"
"SK Gaming","Skeanz","https://am-a.akamaihd.net/image?resize=750:&f=http%3A%2F%2Fstatic.lolesports.com%2Fplayers%2F1774652595033_skeanz.png"
"SK Gaming","Wunder","https://am-a.akamaihd.net/image?resize=750:&f=http%3A%2F%2Fstatic.lolesports.com%2Fplayers%2F1774652747959_wunder.png"
"SK Gaming","LIDER","https://am-a.akamaihd.net/image?resize=750:&f=http%3A%2F%2Fstatic.lolesports.com%2Fplayers%2F1774652028497_lider.png"
"SK Gaming","Jopa","https://am-a.akamaihd.net/image?resize=750:&f=http%3A%2F%2Fstatic.lolesports.com%2Fplayers%2F1774651949013_jopa.png"
"SK Gaming","Mikyx","https://am-a.akamaihd.net/image?resize=750:&f=http%3A%2F%2Fstatic.lolesports.com%2Fplayers%2F1774652311878_mikyx.png"
"Shifters","Paduck","https://am-a.akamaihd.net/image?resize=750:&f=http%3A%2F%2Fstatic.lolesports.com%2Fplayers%2F1768550934005_Paduck-01.png"
"Shifters","Trymbi","https://am-a.akamaihd.net/image?resize=750:&f=http%3A%2F%2Fstatic.lolesports.com%2Fplayers%2F1768550915779_Trymbi-01.png"
"Shifters","JuJuTw0","https://am-a.akamaihd.net/image?resize=750:&f=http%3A%2F%2Fstatic.lolesports.com%2Fplayers%2F1639647042551_placeholder.png"
"Shifters","nuc","https://am-a.akamaihd.net/image?resize=750:&f=http%3A%2F%2Fstatic.lolesports.com%2Fplayers%2F1768550938446_Nuc-01.png"
"Shifters","Sheo","https://am-a.akamaihd.net/image?resize=750:&f=http%3A%2F%2Fstatic.lolesports.com%2Fplayers%2F1774652573563_sheo.png"
"Shifters","Rooster","https://am-a.akamaihd.net/image?resize=750:&f=http%3A%2F%2Fstatic.lolesports.com%2Fplayers%2F1768550928914_Rooster-01.png"
"Shifters","Boukada","https://am-a.akamaihd.net/image?resize=750:&f=http%3A%2F%2Fstatic.lolesports.com%2Fplayers%2F1768550943317_Boukada-01.png"
"Team Heretics","Tracyn","https://am-a.akamaihd.net/image?resize=750:&f=http%3A%2F%2Fstatic.lolesports.com%2Fplayers%2F1774652650240_tracyn.png"
"Team Heretics","Ice","https://am-a.akamaihd.net/image?resize=750:&f=http%3A%2F%2Fstatic.lolesports.com%2Fplayers%2F1774651565551_ice.png"
"Team Heretics","Serin","https://am-a.akamaihd.net/image?resize=750:&f=http%3A%2F%2Fstatic.lolesports.com%2Fplayers%2F1774652550234_serin.png"
"Team Heretics","Daglas","https://am-a.akamaihd.net/image?resize=750:&f=http%3A%2F%2Fstatic.lolesports.com%2Fplayers%2F1776934226952_Daglas-01.png"
"Team Heretics","Way","https://am-a.akamaihd.net/image?resize=750:&f=http%3A%2F%2Fstatic.lolesports.com%2Fplayers%2F1774652723449_way.png"
"Cloud9 Kia","Blaber","https://am-a.akamaihd.net/image?resize=750:&f=http%3A%2F%2Fstatic.lolesports.com%2Fplayers%2F1769149391904_AME_LCS26S1_C9_BLABER.png"
"Cloud9 Kia","Thanatos","https://am-a.akamaihd.net/image?resize=750:&f=http%3A%2F%2Fstatic.lolesports.com%2Fplayers%2F1769149468221_AME_LCS26S1_C9_THANATOS.png"
"Cloud9 Kia","Zven","https://am-a.akamaihd.net/image?resize=750:&f=http%3A%2F%2Fstatic.lolesports.com%2Fplayers%2F1769149577599_AME_LCS26S1_C9_ZVEN.png"
"Cloud9 Kia","Vulcan","https://am-a.akamaihd.net/image?resize=750:&f=http%3A%2F%2Fstatic.lolesports.com%2Fplayers%2F1769149513772_AME_LCS26S1_C9_VULCAN.png"
"Cloud9 Kia","APA","https://am-a.akamaihd.net/image?resize=750:&f=http%3A%2F%2Fstatic.lolesports.com%2Fplayers%2F1769149345623_AME_LCS26S1_C9_APA.png"
"LYON","Castle","https://am-a.akamaihd.net/image?resize=750:&f=http%3A%2F%2Fstatic.lolesports.com%2Fplayers%2F1769752685127_castle.png"
"LYON","Saint","https://am-a.akamaihd.net/image?resize=750:&f=http%3A%2F%2Fstatic.lolesports.com%2Fplayers%2F1769150214608_AME_LCS26S1_LYON_SAINT.png"
"LYON","Inspired","https://am-a.akamaihd.net/image?resize=750:&f=http%3A%2F%2Fstatic.lolesports.com%2Fplayers%2F1769150137024_AME_LCS26S1_LYON_INSPIRED.png"
"LYON","Berserker","https://am-a.akamaihd.net/image?resize=750:&f=http%3A%2F%2Fstatic.lolesports.com%2Fplayers%2F1769752644164_berserker.png"
"LYON","Isles","https://am-a.akamaihd.net/image?resize=750:&f=http%3A%2F%2Fstatic.lolesports.com%2Fplayers%2F1769150180651_AME_LCS26S1_LYON_ISLES.png"
"LYON","Dhokla","https://am-a.akamaihd.net/image?resize=750:&f=http%3A%2F%2Fstatic.lolesports.com%2Fplayers%2F1769150098659_AME_LCS26S1_LYON_DHOKLA.png"
"Team Liquid Alienware","CoreJJ","https://am-a.akamaihd.net/image?resize=750:&f=http%3A%2F%2Fstatic.lolesports.com%2Fplayers%2F1769150483053_AME_LCS26S1_TL_COREJJ.png"
"Team Liquid Alienware","Yeon","https://am-a.akamaihd.net/image?resize=750:&f=http%3A%2F%2Fstatic.lolesports.com%2Fplayers%2F1769150607307_AME_LCS26S1_TL_YEON.png"
"Team Liquid Alienware","Quid","https://am-a.akamaihd.net/image?resize=750:&f=http%3A%2F%2Fstatic.lolesports.com%2Fplayers%2F1769150548420_AME_LCS26S1_TL_QUID.png"
"Team Liquid Alienware","Josedeodo","https://am-a.akamaihd.net/image?resize=750:&f=http%3A%2F%2Fstatic.lolesports.com%2Fplayers%2F1769150518581_AME_LCS26S1_TL_JOSEDEODO.png"
"Team Liquid Alienware","Morgan","https://am-a.akamaihd.net/image?resize=750:&f=http%3A%2F%2Fstatic.lolesports.com%2Fplayers%2F1769752562927_morgan.png"
"FlyQuest","Gakgos","https://am-a.akamaihd.net/image?resize=750:&f=http%3A%2F%2Fstatic.lolesports.com%2Fplayers%2F1769149952615_AME_LCS26S1_FLY_GAKGOS.png"
"FlyQuest","Gryffinn","https://am-a.akamaihd.net/image?resize=750:&f=http%3A%2F%2Fstatic.lolesports.com%2Fplayers%2F1769149987501_AME_LCS26S1_FLY_GRYFFINN.png"
"FlyQuest","Cryogen","https://am-a.akamaihd.net/image?resize=750:&f=http%3A%2F%2Fstatic.lolesports.com%2Fplayers%2F1769149918320_AME_LCS26S1_FLY_CRYOGEN.png"
"FlyQuest","Quad","https://am-a.akamaihd.net/image?resize=750:&f=http%3A%2F%2Fstatic.lolesports.com%2Fplayers%2F1769150064862_AME_LCS26S1_FLY_QUAD.png"
"FlyQuest","Massu","https://am-a.akamaihd.net/image?resize=750:&f=http%3A%2F%2Fstatic.lolesports.com%2Fplayers%2F1769150023296_AME_LCS26S1_FLY_MASSU.png"
"Sentinels","HamBak","https://am-a.akamaihd.net/image?resize=750:&f=http%3A%2F%2Fstatic.lolesports.com%2Fplayers%2F1769752624889_hambak.png"
"Sentinels","huhi","https://am-a.akamaihd.net/image?resize=750:&f=http%3A%2F%2Fstatic.lolesports.com%2Fplayers%2F1769150288234_AME_LCS26S1_SEN_HUHI.png"
"Sentinels","Rahel","https://am-a.akamaihd.net/image?resize=750:&f=http%3A%2F%2Fstatic.lolesports.com%2Fplayers%2F1769752604733_rahel.png"
"Sentinels","DARKWINGS","https://am-a.akamaihd.net/image?resize=750:&f=http%3A%2F%2Fstatic.lolesports.com%2Fplayers%2F1769150251794_AME_LCS26S1_SEN_DARKWINGS.png"
"Sentinels","Impact","https://am-a.akamaihd.net/image?resize=750:&f=http%3A%2F%2Fstatic.lolesports.com%2Fplayers%2F1769150328282_AME_LCS26S1_SEN_IMPACT.png"
"Shopify Rebellion","Bvoy","https://am-a.akamaihd.net/image?resize=750:&f=http%3A%2F%2Fstatic.lolesports.com%2Fplayers%2F1769150366030_AME_LCS26S1_SR_BVOY.png"
"Shopify Rebellion","Zinie","https://am-a.akamaihd.net/image?resize=750:&f=http%3A%2F%2Fstatic.lolesports.com%2Fplayers%2F1769752584631_zinie.png"
"Shopify Rebellion","Fudge","https://am-a.akamaihd.net/image?resize=750:&f=http%3A%2F%2Fstatic.lolesports.com%2Fplayers%2F1769150456468_AME_LCS26S1_SR_FUDGE.png"
"Shopify Rebellion","Contractz","https://am-a.akamaihd.net/image?resize=750:&f=http%3A%2F%2Fstatic.lolesports.com%2Fplayers%2F1769150425299_AME_LCS26S1_SR_CONTRACTZ.png"
"Shopify Rebellion","Ceos","https://am-a.akamaihd.net/image?resize=750:&f=http%3A%2F%2Fstatic.lolesports.com%2Fplayers%2F1769150396974_AME_LCS26S1_SR_CEOS.png"
"Disguised","Srtty","https://am-a.akamaihd.net/image?resize=750:&f=http%3A%2F%2Fstatic.lolesports.com%2Fplayers%2F1739516062006_ggsdgs4.png"
"Disguised","Lyonz","https://am-a.akamaihd.net/image?resize=750:&f=http%3A%2F%2Fstatic.lolesports.com%2Fplayers%2F1769149764464_AME_LCS26S1_DSG_LYONZ.png"
"Disguised","KryRa","https://am-a.akamaihd.net/image?resize=750:&f=http%3A%2F%2Fstatic.lolesports.com%2Fplayers%2F1675150271520_placeholder.png"
"Disguised","Callme","https://am-a.akamaihd.net/image?resize=750:&f=http%3A%2F%2Fstatic.lolesports.com%2Fplayers%2F1769752706388_callme.png"
"Disguised","sajed","https://am-a.akamaihd.net/image?resize=750:&f=http%3A%2F%2Fstatic.lolesports.com%2Fplayers%2F1769149802626_AME_LCS26S1_DSG_SAJED.png"
"Dignitas","Photon","https://am-a.akamaihd.net/image?resize=750:&f=http%3A%2F%2Fstatic.lolesports.com%2Fplayers%2F1769149727754_AME_LCS26S1_DIG_PHOTON.png"
"Dignitas","eXyu","https://am-a.akamaihd.net/image?resize=750:&f=http%3A%2F%2Fstatic.lolesports.com%2Fplayers%2F1769149626619_AME_LCS26S1_DIG_EXYU.png"
"Dignitas","Palafox","https://am-a.akamaihd.net/image?resize=750:&f=http%3A%2F%2Fstatic.lolesports.com%2Fplayers%2F1769149668465_AME_LCS26S1_DIG_PALAFOX.png"
"Dignitas","FBI","https://am-a.akamaihd.net/image?resize=750:&f=http%3A%2F%2Fstatic.lolesports.com%2Fplayers%2F1753349110894_image6224.png"
"Dignitas","IgNar","https://am-a.akamaihd.net/image?resize=750:&f=http%3A%2F%2Fstatic.lolesports.com%2Fplayers%2F1705026333045_ignar.png"
"Team Secret Whales","Pun","https://am-a.akamaihd.net/image?resize=750:&f=http%3A%2F%2Fstatic.lolesports.com%2Fplayers%2F1775221968161_Pun.png"
"Team Secret Whales","Bie","https://am-a.akamaihd.net/image?resize=750:&f=http%3A%2F%2Fstatic.lolesports.com%2Fplayers%2F1775221988811_Bie.png"
"Team Secret Whales","Hiro02","https://am-a.akamaihd.net/image?resize=750:&f=http%3A%2F%2Fstatic.lolesports.com%2Fplayers%2F1775221962636_Hiro02.png"
"Team Secret Whales","Dire","https://am-a.akamaihd.net/image?resize=750:&f=http%3A%2F%2Fstatic.lolesports.com%2Fplayers%2F1775221979037_Dire.png"
"Team Secret Whales","Eddie","https://am-a.akamaihd.net/image?resize=750:&f=http%3A%2F%2Fstatic.lolesports.com%2Fplayers%2F1775221984176_Eddie.png"
"Team Secret Whales","Hizto","https://am-a.akamaihd.net/image?resize=750:&f=http%3A%2F%2Fstatic.lolesports.com%2Fplayers%2F1775221973791_Hizto.png"
"GAM Esports","Kiaya","https://am-a.akamaihd.net/image?resize=750:&f=http%3A%2F%2Fstatic.lolesports.com%2Fplayers%2F1769231292377_Kiaya.png"
"GAM Esports","Gloryy","https://am-a.akamaihd.net/image?resize=750:&f=http%3A%2F%2Fstatic.lolesports.com%2Fplayers%2Fdefault-headshot.png"
"GAM Esports","Aress","https://am-a.akamaihd.net/image?resize=750:&f=http%3A%2F%2Fstatic.lolesports.com%2Fplayers%2F1769231411774_Aress.png"
"GAM Esports","Artemis","https://am-a.akamaihd.net/image?resize=750:&f=http%3A%2F%2Fstatic.lolesports.com%2Fplayers%2F1769231486961_Artemis.png"
"GAM Esports","Taki","https://am-a.akamaihd.net/image?resize=750:&f=http%3A%2F%2Fstatic.lolesports.com%2Fplayers%2F1769231527706_Taki.png"
"GAM Esports","Draktharr","https://am-a.akamaihd.net/image?resize=750:&f=http%3A%2F%2Fstatic.lolesports.com%2Fplayers%2F1769231353199_Draktharr.png"
"MVK Esports","Harky","https://am-a.akamaihd.net/image?resize=750:&f=http%3A%2F%2Fstatic.lolesports.com%2Fplayers%2F1775222116165_Harky.png"
"MVK Esports","Steller","https://am-a.akamaihd.net/image?resize=750:&f=http%3A%2F%2Fstatic.lolesports.com%2Fplayers%2F1775222121391_Steller.png"
"MVK Esports","SiuLoong","https://am-a.akamaihd.net/image?resize=750:&f=http%3A%2F%2Fstatic.lolesports.com%2Fplayers%2F1775222126505_SiuLoong.png"
"MVK Esports","Chika","https://am-a.akamaihd.net/image?resize=750:&f=http%3A%2F%2Fstatic.lolesports.com%2Fplayers%2F1775222135365_Chika.png"
"MVK Esports","Kratos","https://am-a.akamaihd.net/image?resize=750:&f=http%3A%2F%2Fstatic.lolesports.com%2Fplayers%2F1769231608754_Kratos.png"
"MVK Esports","SofM","https://am-a.akamaihd.net/image?resize=750:&f=http%3A%2F%2Fstatic.lolesports.com%2Fplayers%2F1769231650093_SofM.png"
"MVK Esports","Gury","https://am-a.akamaihd.net/image?resize=750:&f=http%3A%2F%2Fstatic.lolesports.com%2Fplayers%2F1769231815740_Gury.png"
"MVK Esports","Seany","https://am-a.akamaihd.net/image?resize=750:&f=http%3A%2F%2Fstatic.lolesports.com%2Fplayers%2F1769231863779_Seany.png"
"Fukuoka SoftBank HAWKS gaming","Marble","https://am-a.akamaihd.net/image?resize=750:&f=http%3A%2F%2Fstatic.lolesports.com%2Fplayers%2F1769232849627_Marble.png"
"Fukuoka SoftBank HAWKS gaming","Evi","https://am-a.akamaihd.net/image?resize=750:&f=http%3A%2F%2Fstatic.lolesports.com%2Fplayers%2F1769232705840_Evi.png"
"Fukuoka SoftBank HAWKS gaming","Van1","https://am-a.akamaihd.net/image?resize=750:&f=http%3A%2F%2Fstatic.lolesports.com%2Fplayers%2F1769232750898_Van1.png"
"Fukuoka SoftBank HAWKS gaming","Aria","https://am-a.akamaihd.net/image?resize=750:&f=http%3A%2F%2Fstatic.lolesports.com%2Fplayers%2F1769232791302_Aria.png"
"Fukuoka SoftBank HAWKS gaming","Vsta","https://am-a.akamaihd.net/image?resize=750:&f=http%3A%2F%2Fstatic.lolesports.com%2Fplayers%2F1769232878116_Vsta.png"
"Relove Deep Cross Gaming","Flauren","https://am-a.akamaihd.net/image?resize=750:&f=http%3A%2F%2Fstatic.lolesports.com%2Fplayers%2F1769232909918_Flauren.png"
"Relove Deep Cross Gaming","HongSuo","https://am-a.akamaihd.net/image?resize=750:&f=http%3A%2F%2Fstatic.lolesports.com%2Fplayers%2F1769232968075_HongSuo.png"
"Relove Deep Cross Gaming","ShiauC","https://am-a.akamaihd.net/image?resize=750:&f=http%3A%2F%2Fstatic.lolesports.com%2Fplayers%2F1769233035363_ShiauC.png"
"Relove Deep Cross Gaming","XiaoXiang","https://am-a.akamaihd.net/image?resize=750:&f=http%3A%2F%2Fstatic.lolesports.com%2Fplayers%2F1769233082016_XiaoXiang.png"
"Relove Deep Cross Gaming","Pop9","https://am-a.akamaihd.net/image?resize=750:&f=http%3A%2F%2Fstatic.lolesports.com%2Fplayers%2F1769232940755_Pop9.png"
"Relove Deep Cross Gaming","Feng","https://am-a.akamaihd.net/image?resize=750:&f=http%3A%2F%2Fstatic.lolesports.com%2Fplayers%2F1769233007340_Feng.png"
"CTBC Flying Oyster","Rest","https://am-a.akamaihd.net/image?resize=750:&f=http%3A%2F%2Fstatic.lolesports.com%2Fplayers%2F1769232185565_Rest.png"
"CTBC Flying Oyster","Doggo","https://am-a.akamaihd.net/image?resize=750:&f=http%3A%2F%2Fstatic.lolesports.com%2Fplayers%2F1769232306480_Doggo.png"
"CTBC Flying Oyster","Shad0w","https://am-a.akamaihd.net/image?resize=750:&f=http%3A%2F%2Fstatic.lolesports.com%2Fplayers%2F1769232218550_Shad0w.png"
"CTBC Flying Oyster","Kino","https://am-a.akamaihd.net/image?resize=750:&f=http%3A%2F%2Fstatic.lolesports.com%2Fplayers%2Fdefault-headshot.png"
"CTBC Flying Oyster","POUT","https://am-a.akamaihd.net/image?resize=750:&f=http%3A%2F%2Fstatic.lolesports.com%2Fplayers%2Fdefault-headshot.png"
"Ground Zero Gaming","1Jiang","https://am-a.akamaihd.net/image?resize=750:&f=http%3A%2F%2Fstatic.lolesports.com%2Fplayers%2F1775222062914_1Jiang.png"
"Ground Zero Gaming","Husha","https://am-a.akamaihd.net/image?resize=750:&f=http%3A%2F%2Fstatic.lolesports.com%2Fplayers%2F1775222067056_Husha.png"
"Ground Zero Gaming","JimieN","https://am-a.akamaihd.net/image?resize=750:&f=http%3A%2F%2Fstatic.lolesports.com%2Fplayers%2F1775222072149_JimieN.png"
"Ground Zero Gaming","Shunn","https://am-a.akamaihd.net/image?resize=750:&f=http%3A%2F%2Fstatic.lolesports.com%2Fplayers%2F1775222077946_Shunn.png"
"Ground Zero Gaming","Orca","https://am-a.akamaihd.net/image?resize=750:&f=http%3A%2F%2Fstatic.lolesports.com%2Fplayers%2F1775222082817_Orca.png"
"DetonatioN FocusMe","Kakkun","https://am-a.akamaihd.net/image?resize=750:&f=http%3A%2F%2Fstatic.lolesports.com%2Fplayers%2F1769232593112_Kakkun.png"
"DetonatioN FocusMe","RayFarky","https://am-a.akamaihd.net/image?resize=750:&f=http%3A%2F%2Fstatic.lolesports.com%2Fplayers%2F1769232447148_RayFarky.png"
"DetonatioN FocusMe","Citrus","https://am-a.akamaihd.net/image?resize=750:&f=http%3A%2F%2Fstatic.lolesports.com%2Fplayers%2F1769232495781_Citrus.png"
"DetonatioN FocusMe","Momo","https://am-a.akamaihd.net/image?resize=750:&f=http%3A%2F%2Fstatic.lolesports.com%2Fplayers%2F1775222047156_Momo.png"
"DetonatioN FocusMe","Fisher","https://am-a.akamaihd.net/image?resize=750:&f=http%3A%2F%2Fstatic.lolesports.com%2Fplayers%2F1775222053402_Fisher.png"
"DetonatioN FocusMe","Woody","https://am-a.akamaihd.net/image?resize=750:&f=http%3A%2F%2Fstatic.lolesports.com%2Fplayers%2F1775222058551_Woody.png"