"team", "logo"
"Hanwha Life Esports","https://am-a.akamaihd.net/image?resize=400:&f=http%3A%2F%2Fstatic.lolesports.com%2Fteams%2F1631819564399_hle-2021-worlds.png"
"kt Rolster","https://am-a.akamaihd.net/image?resize=400:&f=http%3A%2F%2Fstatic.lolesports.com%2Fteams%2Fkt_darkbackground.png"
"T1","https://am-a.akamaihd.net/image?resize=400:&f=http%3A%2F%2Fstatic.lolesports.com%2Fteams%2F1726801573959_539px-T1_2019_full_allmode.png"
"Gen.G Esports","https://am-a.akamaihd.net/image?resize=400:&f=http%3A%2F%2Fstatic.lolesports.com%2Fteams%2F1773829250929_GENGLOGO_GOLD.png"
"Dplus KIA","https://am-a.akamaihd.net/image?resize=400:&f=http%3A%2F%2Fstatic.lolesports.com%2Fteams%2F1673260049703_DPlusKIALOGO11.png"
"HANJIN BRION","https://am-a.akamaihd.net/image?resize=400:&f=http%3A%2F%2Fstatic.lolesports.com%2Fteams%2F1716454325887_Nowyprojekt.png"
"BNK FEARX","https://am-a.akamaihd.net/image?resize=400:&f=http%3A%2F%2Fstatic.lolesports.com%2Fteams%2F1734691810721_BFXfullcolorfordarkbg.png"
"NONGSHIM RED FORCE","https://am-a.akamaihd.net/image?resize=400:&f=http%3A%2F%2Fstatic.lolesports.com%2Fteams%2FNSFullonDark.png"
"KIWOOM DRX","https://am-a.akamaihd.net/image?resize=400:&f=http%3A%2F%2Fstatic.lolesports.com%2Fteams%2F1774247803537_horizontal_EN_Wh.png"
"DN SOOPers","https://am-a.akamaihd.net/image?resize=400:&f=http%3A%2F%2Fstatic.lolesports.com%2Fteams%2F1767340467921_DN_SOOPerslogo_profile.webp"
"BILIBILI GAMING","https://am-a.akamaihd.net/image?resize=400:&f=http%3A%2F%2Fstatic.lolesports.com%2Fteams%2F1682322954525_Bilibili_Gaming_logo_20211.png"
"Beijing JDG Esports","https://am-a.akamaihd.net/image?resize=400:&f=http%3A%2F%2Fstatic.lolesports.com%2Fteams%2F1627457924722_29.png"
"TOP ESPORTS","https://am-a.akamaihd.net/image?resize=400:&f=http%3A%2F%2Fstatic.lolesports.com%2Fteams%2F1592592064571_TopEsportsTES-01-FullonDark.png"
"Anyone's Legend","https://am-a.akamaihd.net/image?resize=400:&f=http%3A%2F%2Fstatic.lolesports.com%2Fteams%2F1641199582689_.png"
"Shenzhen NINJAS IN PYJAMAS","https://am-a.akamaihd.net/image?resize=400:&f=http%3A%2F%2Fstatic.lolesports.com%2Fteams%2F1673425724696_NIP-Symbol-RGB-NeonYellow1.png"
"WeiboGaming","https://am-a.akamaihd.net/image?resize=400:&f=http%3A%2F%2Fstatic.lolesports.com%2Fteams%2F1641202879910_3.png"
"Invictus Gaming","https://am-a.akamaihd.net/image?resize=400:&f=http%3A%2F%2Fstatic.lolesports.com%2Fteams%2F1634762917340_300px-Invictus_Gaming_logo.png"
"Xi'an Team WE","https://am-a.akamaihd.net/image?resize=400:&f=http%3A%2F%2Fstatic.lolesports.com%2Fteams%2F1634763008788_220px-Team_WE_logo.png"
"Suzhou LNG Esports","https://am-a.akamaihd.net/image?resize=400:&f=http%3A%2F%2Fstatic.lolesports.com%2Fteams%2F1717487697003_LNGlogo.png"
"THUNDER TALK GAMING","https://am-a.akamaihd.net/image?resize=400:&f=http%3A%2F%2Fstatic.lolesports.com%2Fteams%2FTT-FullonDark.png"
"LGD GAMING","https://am-a.akamaihd.net/image?resize=400:&f=http%3A%2F%2Fstatic.lolesports.com%2Fteams%2FLGD-FullonDark-1.png"
"EDWARD GAMING","https://am-a.akamaihd.net/image?resize=400:&f=http%3A%2F%2Fstatic.lolesports.com%2Fteams%2F1631819297476_edg-2021-worlds.png"
"Ultra Prime","https://am-a.akamaihd.net/image?resize=400:&f=http%3A%2F%2Fstatic.lolesports.com%2Fteams%2Fultraprime.png"
"Oh My God","https://am-a.akamaihd.net/image?resize=400:&f=http%3A%2F%2Fstatic.lolesports.com%2Fteams%2F1686821355861_OMG_2023_logo-01.png"
"Team Vitality","https://am-a.akamaihd.net/image?resize=400:&f=http%3A%2F%2Fstatic.lolesports.com%2Fteams%2F1675865863968_Vitality_FullColor.png"
"Karmine Corp","https://am-a.akamaihd.net/image?resize=400:&f=http%3A%2F%2Fstatic.lolesports.com%2Fteams%2F1704714951336_KC.png"
"G2 Esports","https://am-a.akamaihd.net/image?resize=400:&f=http%3A%2F%2Fstatic.lolesports.com%2Fteams%2FG2-FullonDark.png"
"Movistar KOI","https://am-a.akamaihd.net/image?resize=400:&f=http%3A%2F%2Fstatic.lolesports.com%2Fteams%2F1734012609283_MKOI_FullColor_Blue.png"
"Natus Vincere","https://am-a.akamaihd.net/image?resize=400:&f=http%3A%2F%2Fstatic.lolesports.com%2Fteams%2F1752746833620_NAVI_FullColor.png"
"GIANTX","https://am-a.akamaihd.net/image?resize=400:&f=http%3A%2F%2Fstatic.lolesports.com%2Fteams%2F1765897105091_GIANTX-logotype-white.png"
"Fnatic","https://am-a.akamaihd.net/image?resize=400:&f=http%3A%2F%2Fstatic.lolesports.com%2Fteams%2F1631819669150_fnc-2021-worlds.png"
"SK Gaming","https://am-a.akamaihd.net/image?resize=400:&f=http%3A%2F%2Fstatic.lolesports.com%2Fteams%2F1643979272144_SK_Monochrome.png"
"Shifters","https://am-a.akamaihd.net/image?resize=400:&f=http%3A%2F%2Fstatic.lolesports.com%2Fteams%2F1765897071435_600px-Shifters_allmode.png"
"Team Heretics","https://am-a.akamaihd.net/image?resize=400:&f=http%3A%2F%2Fstatic.lolesports.com%2Fteams%2F1672933861879_Heretics-Full-Color.png"
"Cloud9 Kia","https://am-a.akamaihd.net/image?resize=400:&f=http%3A%2F%2Fstatic.lolesports.com%2Fteams%2F1736924120254_C9Kia_IconBlue_Transparent_2000x2000.png"
"LYON","https://am-a.akamaihd.net/image?resize=400:&f=http%3A%2F%2Fstatic.lolesports.com%2Fteams%2F1743717443673_isotypelyon-03.png"
"Team Liquid Alienware","https://am-a.akamaihd.net/image?resize=400:&f=http%3A%2F%2Fstatic.lolesports.com%2Fteams%2F1769357207762_TLAlienware_Minimal_Bug-White.png"
"FlyQuest","https://am-a.akamaihd.net/image?resize=400:&f=http%3A%2F%2Fstatic.lolesports.com%2Fteams%2Fflyquest-new-on-dark.png"
"Sentinels","https://am-a.akamaihd.net/image?resize=400:&f=http%3A%2F%2Fstatic.lolesports.com%2Fteams%2F1767769784669_Sentinels_2020_Icon.png"
"Shopify Rebellion","https://am-a.akamaihd.net/image?resize=400:&f=http%3A%2F%2Fstatic.lolesports.com%2Fteams%2F1701424227458_Teams204_Shopify_1632869404072.png"
"Disguised","https://am-a.akamaihd.net/image?resize=400:&f=http%3A%2F%2Fstatic.lolesports.com%2Fteams%2F1731496922454_Disguised-Wordmark-Yellow-Main.png"
"Dignitas","https://am-a.akamaihd.net/image?resize=400:&f=http%3A%2F%2Fstatic.lolesports.com%2Fteams%2FDIG-FullonDark.png"
"Team Secret Whales","https://am-a.akamaihd.net/image?resize=400:&f=http%3A%2F%2Fstatic.lolesports.com%2Fteams%2F1774598000328_White_EyeText_600p.png"
"GAM Esports","https://am-a.akamaihd.net/image?resize=400:&f=http%3A%2F%2Fstatic.lolesports.com%2Fteams%2F1643263093448_GAMyellow.png"
"MVK Esports","https://am-a.akamaihd.net/image?resize=400:&f=http%3A%2F%2Fstatic.lolesports.com%2Fteams%2F1767089709161_White_Logo.png"
"Fukuoka SoftBank HAWKS gaming","https://am-a.akamaihd.net/image?resize=400:&f=http%3A%2F%2Fstatic.lolesports.com%2Fteams%2F1725885083108_SHG_White_Main.png"
"Relove Deep Cross Gaming","https://am-a.akamaihd.net/image?resize=400:&f=http%3A%2F%2Fstatic.lolesports.com%2Fteams%2F1773832146741_LCP_DCG_Full_W.png"
"CTBC Flying Oyster","https://am-a.akamaihd.net/image?resize=400:&f=http%3A%2F%2Fstatic.lolesports.com%2Fteams%2F1656307849320_CFO_Logo.png"
"Ground Zero Gaming","https://am-a.akamaihd.net/image?resize=400:&f=http%3A%2F%2Fstatic.lolesports.com%2Fteams%2F1766395585595_LCP_TEAMLogo_GZ_Full_B.png"
"DetonatioN FocusMe","https://am-a.akamaihd.net/image?resize=400:&f=http%3A%2F%2Fstatic.lolesports.com%2Fteams%2F1673415140442_dfm.png"